{
  "5920014702312": {
    "name": "Fuse, Cartridge",
    "nsn": "5920014702312",
    "unit": "EA",
    "errc": "XB3",
    "tcc": "z",
    "hhf": "0",
    "svcBal": 2,
    "dmdLvl": "05",
    "di": 3,
    "do": "",
    "doli": "2023037",
    "dolt": "2023034",
    "img": "/img/fuse.png",
    "location": "01A004B001",
    "frzCode": "",
    "cost": 1.03,
    "notes": ""
  },
  "5325011679455": {
    "name": "Stud Turnlock Faste",
    "nsn": "5325011679455",
    "unit": "EA",
    "svcBal": 0,
    "dmdLvl": "05",
    "errc": "XB3",
    "tcc": "z",
    "hhf": "0",
    "di": 3,
    "do": "",
    "doli": "2023037",
    "dolt": "2023034",
    "img": "/img/stud.png",
    "location": "01N031G03A",
    "frzCode": "",
    "cost": 7.17,
    "notes": ""
  },
  "1680014888413VM": {
    "nsn": "1680014888413VM",
    "name": "SEAT3A272-0007-02-1",
    "unit": "EA",
    "errc": "XD2",
    "tcc": "Z ",
    "hhf": "0",
    "svcBal": 23,
    "dmdLvl": "2",
    "di": "",
    "do": "",
    "doli": "",
    "dolt": "",
    "img": "",
    "location": "01H002A001",
    "frzCode": "",
    "cost": "$32,636.00",
    "notes": ""
  },
  "4440013618017FD": {
    "nsn": "4440013618017FD",
    "name": "COMPRESSORL83141",
    "unit": "EA",
    "errc": "XD2",
    "tcc": "Z ",
    "hhf": "0",
    "svcBal": 15,
    "dmdLvl": "1",
    "di": "",
    "do": "",
    "doli": "",
    "dolt": "",
    "img": "",
    "location": "9N031G796",
    "frzCode": "",
    "cost": "$27,114.84",
    "notes": ""
  },
  "1630015614963LE": {
    "nsn": "1630015614963LE",
    "name": "WSMT=C-130CARBONBRAKEMULTIDI",
    "unit": "EA",
    "errc": "XD2",
    "tcc": "Z ",
    "hhf": "0",
    "svcBal": 17,
    "dmdLvl": "16",
    "di": "",
    "do": "",
    "doli": "",
    "dolt": "",
    "img": "",
    "location": "8N031G251",
    "frzCode": "",
    "cost": "$190,890.00",
    "notes": ""
  },
  "1560013119052EK": {
    "nsn": "1560013119052EK",
    "name": "PANEL,STRUCTURAL,AI",
    "unit": "EA",
    "errc": "XD2",
    "tcc": "Z ",
    "hhf": "0",
    "svcBal": 2,
    "dmdLvl": "0",
    "di": "",
    "do": "",
    "doli": "",
    "dolt": "",
    "img": "",
    "location": "CSI Hold",
    "frzCode": "",
    "cost": "$38,906.00",
    "notes": ""
  },
  "1670007533928SX": {
    "nsn": "1670007533928SX",
    "name": "PADENERGYDIS8'X3'8SH",
    "unit": "BX",
    "errc": "XB3",
    "tcc": "Z ",
    "hhf": "0",
    "svcBal": 11,
    "dmdLvl": "1",
    "di": "",
    "do": "",
    "doli": "",
    "dolt": "",
    "img": "",
    "location": "2N031G891",
    "frzCode": "",
    "cost": "$376.03",
    "notes": ""
  },
  "2840K0200011BJF": {
    "nsn": "2840K0200011BJF",
    "name": "TOKITB,HPTROTOR",
    "unit": "EA",
    "errc": "XD2",
    "tcc": "",
    "hhf": "0",
    "svcBal": 25,
    "dmdLvl": "0",
    "di": "",
    "do": "",
    "doli": "",
    "dolt": "",
    "img": "",
    "location": "7N031G545",
    "frzCode": "",
    "cost": "$265,471.00",
    "notes": ""
  },
  "5960011072549FD": {
    "nsn": "5960011072549FD",
    "name": "ELECTRONTUBE654VE0007-1",
    "unit": "EA",
    "errc": "XD2",
    "tcc": "Z ",
    "hhf": "0",
    "svcBal": 21,
    "dmdLvl": "1",
    "di": "",
    "do": "",
    "doli": "",
    "dolt": "",
    "img": "",
    "location": "5N031G306",
    "frzCode": "",
    "cost": "$126,131.00",
    "notes": ""
  },
  "1670014884679LG": {
    "nsn": "1670014884679LG",
    "name": "DOORRAIL3355574-8",
    "unit": "EA",
    "errc": "XB3",
    "tcc": "Z ",
    "hhf": "0",
    "svcBal": 0,
    "dmdLvl": "0",
    "di": "",
    "do": "",
    "doli": "",
    "dolt": "",
    "img": "",
    "location": "6N031G469",
    "frzCode": "",
    "cost": "$9,519.92",
    "notes": ""
  },
  "2840K0200011AJF": {
    "nsn": "2840K0200011AJF",
    "name": "TOKITA,HPCROTOR",
    "unit": "EA",
    "errc": "XD2",
    "tcc": "",
    "hhf": "0",
    "svcBal": 11,
    "dmdLvl": "0",
    "di": "",
    "do": "",
    "doli": "",
    "dolt": "",
    "img": "",
    "location": "5N031G610",
    "frzCode": "",
    "cost": "$190,126.00",
    "notes": ""
  },
  "1560012058492LG": {
    "nsn": "1560012058492LG",
    "name": "DOOR,AIRCRAFT",
    "unit": "EA",
    "errc": "XD2",
    "tcc": "Z ",
    "hhf": "0",
    "svcBal": 10,
    "dmdLvl": "0",
    "di": "",
    "do": "",
    "doli": "",
    "dolt": "",
    "img": "",
    "location": "9N031G494",
    "frzCode": "",
    "cost": "$80,507.11",
    "notes": ""
  },
  "8110013431697TG": {
    "nsn": "8110013431697TG",
    "name": "DRUM,SHIPPINGANDS",
    "unit": "EA",
    "errc": "XB3",
    "tcc": "Z ",
    "hhf": "0",
    "svcBal": 17,
    "dmdLvl": "4",
    "di": "",
    "do": "",
    "doli": "",
    "dolt": "",
    "img": "",
    "location": "7N031G741",
    "frzCode": "",
    "cost": "$134.69",
    "notes": ""
  },
  "1650016525309HS": {
    "nsn": "1650016525309HS",
    "name": "HYDDRIVE5003418-11",
    "unit": "EA",
    "errc": "XD2",
    "tcc": "",
    "hhf": "0",
    "svcBal": 26,
    "dmdLvl": "0",
    "di": "",
    "do": "",
    "doli": "",
    "dolt": "",
    "img": "",
    "location": "2N031G895",
    "frzCode": "",
    "cost": "$550,666.00",
    "notes": ""
  },
  "1650016525025HS": {
    "nsn": "1650016525025HS",
    "name": "GSA,HYDDRIVEUNIT",
    "unit": "EA",
    "errc": "XD2",
    "tcc": "",
    "hhf": "0",
    "svcBal": 27,
    "dmdLvl": "0",
    "di": "",
    "do": "",
    "doli": "",
    "dolt": "",
    "img": "",
    "location": "9N031G807",
    "frzCode": "",
    "cost": "$550,666.00",
    "notes": ""
  },
  "1560014627158EK": {
    "nsn": "1560014627158EK",
    "name": "WINDSHIELDASSEMBLY",
    "unit": "EA",
    "errc": "XF3",
    "tcc": "Z ",
    "hhf": "0",
    "svcBal": 4,
    "dmdLvl": "1",
    "di": "",
    "do": "",
    "doli": "",
    "dolt": "",
    "img": "",
    "location": "9N031G640",
    "frzCode": "",
    "cost": "$33,244.44",
    "notes": ""
  },
  "1560011830146EK": {
    "nsn": "1560011830146EK",
    "name": "WINGFLAPL804001-002",
    "unit": "EA",
    "errc": "XD2",
    "tcc": "DZ",
    "hhf": "0",
    "svcBal": 7,
    "dmdLvl": "0",
    "di": "",
    "do": "",
    "doli": "",
    "dolt": "",
    "img": "",
    "location": "6N031G201",
    "frzCode": "",
    "cost": "$135,011.00",
    "notes": ""
  },
  "1560014560030VM": {
    "nsn": "1560014560030VM",
    "name": "FLAPASSY-CW",
    "unit": "EA",
    "errc": "XD2",
    "tcc": "Z ",
    "hhf": "0",
    "svcBal": 6,
    "dmdLvl": "0",
    "di": "",
    "do": "",
    "doli": "",
    "dolt": "",
    "img": "",
    "location": "8N031G201",
    "frzCode": "",
    "cost": "$120,944.00",
    "notes": ""
  },
  "2840012106776JF": {
    "nsn": "2840012106776JF",
    "name": "CASE9527M90G05",
    "unit": "EA",
    "errc": "XD2",
    "tcc": "Z ",
    "hhf": "0",
    "svcBal": 16,
    "dmdLvl": "4",
    "di": "",
    "do": "",
    "doli": "",
    "dolt": "",
    "img": "",
    "location": "0N031G293",
    "frzCode": "",
    "cost": "$307,648.00",
    "notes": ""
  },
  "6605015763335VM": {
    "nsn": "6605015763335VM",
    "name": "DIGITALMAPUNIT698092-9",
    "unit": "EA",
    "errc": "XD2",
    "tcc": "",
    "hhf": "0",
    "svcBal": 2,
    "dmdLvl": "0",
    "di": "",
    "do": "",
    "doli": "",
    "dolt": "",
    "img": "",
    "location": "7N031G932",
    "frzCode": "",
    "cost": "$74,003.56",
    "notes": ""
  },
  "6130010833713FD": {
    "nsn": "6130010833713FD",
    "name": "POWERSUPPLY",
    "unit": "EA",
    "errc": "XD2",
    "tcc": "Z ",
    "hhf": "0",
    "svcBal": 30,
    "dmdLvl": "0",
    "di": "",
    "do": "",
    "doli": "",
    "dolt": "",
    "img": "",
    "location": "5N031G929",
    "frzCode": "",
    "cost": "$42,168.11",
    "notes": ""
  },
  "1730000308392TG": {
    "nsn": "1730000308392TG",
    "name": "SCISSORS,OUTSIDE,PL",
    "unit": "EA",
    "errc": "XB3",
    "tcc": "Z ",
    "hhf": "0",
    "svcBal": 9,
    "dmdLvl": "3",
    "di": "",
    "do": "",
    "doli": "",
    "dolt": "",
    "img": "",
    "location": "3N031G253",
    "frzCode": "",
    "cost": "$216.90",
    "notes": ""
  },
  "1560013156645EK": {
    "nsn": "1560013156645EK",
    "name": "DOORL3011631-021",
    "unit": "EA",
    "errc": "XF3",
    "tcc": "Z ",
    "hhf": "0",
    "svcBal": 3,
    "dmdLvl": "0",
    "di": "",
    "do": "",
    "doli": "",
    "dolt": "",
    "img": "",
    "location": "4N031G838",
    "frzCode": "",
    "cost": "$15,932.21",
    "notes": ""
  },
  "8120015325418": {
    "nsn": "8120015325418",
    "name": "CYLINDER,COMPRESSED",
    "unit": "AY",
    "errc": "XB3",
    "tcc": "Z ",
    "hhf": "0",
    "svcBal": 15,
    "dmdLvl": "1",
    "di": "",
    "do": "",
    "doli": "",
    "dolt": "",
    "img": "",
    "location": "2N031G620",
    "frzCode": "",
    "cost": "$2,938.71",
    "notes": ""
  },
  "2520012859211": {
    "nsn": "2520012859211",
    "name": "XMSN460/00600",
    "unit": "EA",
    "errc": "XD2",
    "tcc": "Z ",
    "hhf": "0",
    "svcBal": 0,
    "dmdLvl": "0",
    "di": "",
    "do": "",
    "doli": "",
    "dolt": "",
    "img": "",
    "location": "8N031G163",
    "frzCode": "",
    "cost": "$13,859.61",
    "notes": ""
  },
  "5330012262150JF": {
    "nsn": "5330012262150JF",
    "name": "SEAL,STRUCTURAL,AIRCRAFT",
    "unit": "EA",
    "errc": "XB3",
    "tcc": "Z ",
    "hhf": "0",
    "svcBal": 4,
    "dmdLvl": "1",
    "di": "",
    "do": "",
    "doli": "",
    "dolt": "",
    "img": "",
    "location": "1N031G853",
    "frzCode": "",
    "cost": "$7.42",
    "notes": ""
  },
  "1670014833159LG": {
    "nsn": "1670014833159LG",
    "name": "NOSHOPUSE=RAIL,CARGOAIRCRAFT",
    "unit": "EA",
    "errc": "XB3",
    "tcc": "Z ",
    "hhf": "0",
    "svcBal": 12,
    "dmdLvl": "0",
    "di": "",
    "do": "",
    "doli": "",
    "dolt": "",
    "img": "",
    "location": "3N031G083",
    "frzCode": "",
    "cost": "$9,811.91",
    "notes": ""
  },
  "1730000308399TG": {
    "nsn": "1730000308399TG",
    "name": "PLATFORM51E24859",
    "unit": "EA",
    "errc": "XB3",
    "tcc": "Z ",
    "hhf": "0",
    "svcBal": 11,
    "dmdLvl": "1",
    "di": "",
    "do": "",
    "doli": "",
    "dolt": "",
    "img": "",
    "location": "3N031G205",
    "frzCode": "",
    "cost": "$228.47",
    "notes": ""
  },
  "5960012287091EW": {
    "nsn": "5960012287091EW",
    "name": "TWT(807)090-001885-002",
    "unit": "EA",
    "errc": "XD2",
    "tcc": "Z ",
    "hhf": "0",
    "svcBal": 19,
    "dmdLvl": "0",
    "di": "",
    "do": "",
    "doli": "",
    "dolt": "",
    "img": "",
    "location": "0N031G609",
    "frzCode": "",
    "cost": "$52,931.34",
    "notes": ""
  },
  "4720002899199SX": {
    "nsn": "4720002899199SX",
    "name": "HOSE,NONMETALLIC",
    "unit": "FT",
    "errc": "XB3",
    "tcc": "Z ",
    "hhf": "0",
    "svcBal": 15,
    "dmdLvl": "15",
    "di": "",
    "do": "",
    "doli": "",
    "dolt": "",
    "img": "",
    "location": "4N031G277",
    "frzCode": "",
    "cost": "$13.32",
    "notes": ""
  },
  "4720006244058SX": {
    "nsn": "4720006244058SX",
    "name": "HOSEM24135/10-24",
    "unit": "FT",
    "errc": "XB3",
    "tcc": "Z ",
    "hhf": "0",
    "svcBal": 15,
    "dmdLvl": "15",
    "di": "",
    "do": "",
    "doli": "",
    "dolt": "",
    "img": "",
    "location": "4N031G911",
    "frzCode": "",
    "cost": "$14.98",
    "notes": ""
  },
  "2610004054366": {
    "nsn": "2610004054366",
    "name": "INNERTUBE9.00-10(AGE)",
    "unit": "EA",
    "errc": "XB3",
    "tcc": "Z ",
    "hhf": "0",
    "svcBal": 24,
    "dmdLvl": "21",
    "di": "",
    "do": "",
    "doli": "",
    "dolt": "",
    "img": "",
    "location": "5N031G126",
    "frzCode": "",
    "cost": "$20.16",
    "notes": ""
  },
  "9320014225754TG": {
    "nsn": "9320014225754TG",
    "name": "RUBBERSHEET,SOLID",
    "unit": "SH",
    "errc": "XB3",
    "tcc": "Z ",
    "hhf": "0",
    "svcBal": 5,
    "dmdLvl": "3",
    "di": "",
    "do": "",
    "doli": "",
    "dolt": "",
    "img": "",
    "location": "3N031G704",
    "frzCode": "",
    "cost": "$356.95",
    "notes": ""
  },
  "9320011757025SX": {
    "nsn": "9320011757025SX",
    "name": "RUBBERSHEET,SOLID",
    "unit": "SH",
    "errc": "XB3",
    "tcc": "Z ",
    "hhf": "0",
    "svcBal": 15,
    "dmdLvl": "1",
    "di": "",
    "do": "",
    "doli": "",
    "dolt": "",
    "img": "",
    "location": "1N031G805",
    "frzCode": "",
    "cost": "$131.64",
    "notes": ""
  },
  "4720014713721": {
    "nsn": "4720014713721",
    "name": "HOSEASSEMBLY,NONME",
    "unit": "EA",
    "errc": "XB3",
    "tcc": "",
    "hhf": "0",
    "svcBal": 27,
    "dmdLvl": "1",
    "di": "",
    "do": "",
    "doli": "",
    "dolt": "",
    "img": "",
    "location": "3N031G486",
    "frzCode": "",
    "cost": "$879.27",
    "notes": ""
  },
  "9320009890066TG": {
    "nsn": "9320009890066TG",
    "name": "RUBBER3'X3'BLK.125THICK",
    "unit": "SH",
    "errc": "XB3",
    "tcc": "Z ",
    "hhf": "0",
    "svcBal": 18,
    "dmdLvl": "1",
    "di": "",
    "do": "",
    "doli": "",
    "dolt": "",
    "img": "",
    "location": "5N031G702",
    "frzCode": "",
    "cost": "$37.23",
    "notes": ""
  },
  "9320006180697TG": {
    "nsn": "9320006180697TG",
    "name": "RUBBERSHEET,CELLUL",
    "unit": "SH",
    "errc": "XB3",
    "tcc": "Z ",
    "hhf": "0",
    "svcBal": 11,
    "dmdLvl": "0",
    "di": "",
    "do": "",
    "doli": "",
    "dolt": "",
    "img": "",
    "location": "8N031G285",
    "frzCode": "",
    "cost": "$702.76",
    "notes": ""
  },
  "9320000212803TG": {
    "nsn": "9320000212803TG",
    "name": "RUBBERSHEET,SOLID",
    "unit": "SH",
    "errc": "XB3",
    "tcc": "Z ",
    "hhf": "0",
    "svcBal": 11,
    "dmdLvl": "28",
    "di": "",
    "do": "",
    "doli": "",
    "dolt": "",
    "img": "",
    "location": "5N031G577",
    "frzCode": "",
    "cost": "$66.59",
    "notes": ""
  },
  "1730000308391TG": {
    "nsn": "1730000308391TG",
    "name": "SIDERAIL51D24864",
    "unit": "EA",
    "errc": "XB3",
    "tcc": "Z ",
    "hhf": "0",
    "svcBal": 0,
    "dmdLvl": "7",
    "di": "",
    "do": "",
    "doli": "",
    "dolt": "",
    "img": "",
    "location": "6N031G900",
    "frzCode": "",
    "cost": "$56.10",
    "notes": ""
  },
  "3910014756510LG": {
    "nsn": "3910014756510LG",
    "name": "CONVEYOR,ROLLER,GRA",
    "unit": "EA",
    "errc": "XB3",
    "tcc": "",
    "hhf": "0",
    "svcBal": 6,
    "dmdLvl": "0",
    "di": "",
    "do": "",
    "doli": "",
    "dolt": "",
    "img": "",
    "location": "7N031G897",
    "frzCode": "",
    "cost": "$4,002.89",
    "notes": ""
  },
  "1670014884682LG": {
    "nsn": "1670014884682LG",
    "name": "FIXEDRAIL3355582-1",
    "unit": "EA",
    "errc": "XB3",
    "tcc": "Z ",
    "hhf": "0",
    "svcBal": 5,
    "dmdLvl": "0",
    "di": "",
    "do": "",
    "doli": "",
    "dolt": "",
    "img": "",
    "location": "5N031G065",
    "frzCode": "",
    "cost": "$34,540.46",
    "notes": ""
  },
  "5841011507527WF": {
    "nsn": "5841011507527WF",
    "name": "WEU,5841015523880",
    "unit": "EA",
    "errc": "XD2",
    "tcc": "Z ",
    "hhf": "0",
    "svcBal": 20,
    "dmdLvl": "0",
    "di": "",
    "do": "",
    "doli": "",
    "dolt": "",
    "img": "",
    "location": "3N031G601",
    "frzCode": "",
    "cost": "$605,682.00",
    "notes": ""
  },
  "1670015048470LG": {
    "nsn": "1670015048470LG",
    "name": "CARGORAIL3338978-1",
    "unit": "EA",
    "errc": "XB3",
    "tcc": "Z ",
    "hhf": "0",
    "svcBal": 17,
    "dmdLvl": "0",
    "di": "",
    "do": "",
    "doli": "",
    "dolt": "",
    "img": "",
    "location": "5N031G725",
    "frzCode": "",
    "cost": "$1,740.82",
    "notes": ""
  },
  "1680014756515VM": {
    "nsn": "1680014756515VM",
    "name": "RAIL,ACCESSORY,AIRC",
    "unit": "EA",
    "errc": "XD2",
    "tcc": "Z ",
    "hhf": "0",
    "svcBal": 24,
    "dmdLvl": "1",
    "di": "",
    "do": "",
    "doli": "",
    "dolt": "",
    "img": "",
    "location": "6N031G531",
    "frzCode": "",
    "cost": "$29,296.92",
    "notes": ""
  },
  "3040006058818QS": {
    "nsn": "3040006058818QS",
    "name": "CYLAY55D21249",
    "unit": "EA",
    "errc": "XF3",
    "tcc": "Z ",
    "hhf": "0",
    "svcBal": 30,
    "dmdLvl": "1",
    "di": "",
    "do": "",
    "doli": "",
    "dolt": "",
    "img": "",
    "location": "4N031G990",
    "frzCode": "",
    "cost": "$1,611.35",
    "notes": ""
  },
  "1680011829322MH": {
    "nsn": "1680011829322MH",
    "name": "SEATFRAMEL5303305-081",
    "unit": "EA",
    "errc": "XD2",
    "tcc": "Z ",
    "hhf": "0",
    "svcBal": 23,
    "dmdLvl": "0",
    "di": "",
    "do": "",
    "doli": "",
    "dolt": "",
    "img": "",
    "location": "1N031G408",
    "frzCode": "",
    "cost": "$34,953.47",
    "notes": ""
  },
  "5865015796300EW": {
    "nsn": "5865015796300EW",
    "name": "TRANSMITTER,COUNTER",
    "unit": "EA",
    "errc": "XD2",
    "tcc": "G ",
    "hhf": "0",
    "svcBal": 15,
    "dmdLvl": "4",
    "di": "",
    "do": "",
    "doli": "",
    "dolt": "",
    "img": "",
    "location": "2N031G701",
    "frzCode": "",
    "cost": "$781,756.00",
    "notes": ""
  },
  "4920013200869EW": {
    "nsn": "4920013200869EW",
    "name": "TESTADPTR4245120-009",
    "unit": "EA",
    "errc": "XD2",
    "tcc": "Z ",
    "hhf": "0",
    "svcBal": 8,
    "dmdLvl": "0",
    "di": "",
    "do": "",
    "doli": "",
    "dolt": "",
    "img": "",
    "location": "2N031G811",
    "frzCode": "",
    "cost": "$89,550.08",
    "notes": ""
  },
  "1730000308396TG": {
    "nsn": "1730000308396TG",
    "name": "FLOORPLATE51E24855",
    "unit": "EA",
    "errc": "XF3",
    "tcc": "Z ",
    "hhf": "0",
    "svcBal": 7,
    "dmdLvl": "2",
    "di": "",
    "do": "",
    "doli": "",
    "dolt": "",
    "img": "",
    "location": "2N031G596",
    "frzCode": "",
    "cost": "$554.92",
    "notes": ""
  },
  "1560016250066LG": {
    "nsn": "1560016250066LG",
    "name": "FITTING,STRUCTURAL",
    "unit": "EA",
    "errc": "XB3",
    "tcc": "Z ",
    "hhf": "0",
    "svcBal": 26,
    "dmdLvl": "0",
    "di": "",
    "do": "",
    "doli": "",
    "dolt": "",
    "img": "",
    "location": "0N031G223",
    "frzCode": "",
    "cost": "$851.09",
    "notes": ""
  },
  "1670014204256": {
    "nsn": "1670014204256",
    "name": "PARACHUTE,RESERVE,P",
    "unit": "EA",
    "errc": "XB3",
    "tcc": "Z ",
    "hhf": "0",
    "svcBal": 24,
    "dmdLvl": "0",
    "di": "",
    "do": "",
    "doli": "",
    "dolt": "",
    "img": "",
    "location": "2N031G954",
    "frzCode": "",
    "cost": "$1,670.00",
    "notes": ""
  },
  "3010015254621FD": {
    "nsn": "3010015254621FD",
    "name": "ACTUATOR120621-601",
    "unit": "EA",
    "errc": "XD2",
    "tcc": "Z ",
    "hhf": "0",
    "svcBal": 28,
    "dmdLvl": "0",
    "di": "",
    "do": "",
    "doli": "",
    "dolt": "",
    "img": "",
    "location": "2N031G650",
    "frzCode": "",
    "cost": "$70,472.00",
    "notes": ""
  },
  "5895011418095FD": {
    "nsn": "5895011418095FD",
    "name": "CNTRLR-T850AG030000-009",
    "unit": "EA",
    "errc": "XD2",
    "tcc": "Z ",
    "hhf": "0",
    "svcBal": 9,
    "dmdLvl": "2",
    "di": "",
    "do": "",
    "doli": "",
    "dolt": "",
    "img": "",
    "location": "1N031G914",
    "frzCode": "",
    "cost": "$228,522.00",
    "notes": ""
  },
  "2840016514680": {
    "nsn": "2840016514680",
    "name": "KIT,HPTNOZZLE",
    "unit": "KT",
    "errc": "XB3",
    "tcc": "",
    "hhf": "0",
    "svcBal": 10,
    "dmdLvl": "1",
    "di": "",
    "do": "",
    "doli": "",
    "dolt": "",
    "img": "",
    "location": "5N031G362",
    "frzCode": "",
    "cost": "$180,331.00",
    "notes": ""
  },
  "2840011735492JF": {
    "nsn": "2840011735492JF",
    "name": "HOUSING9550M25G01",
    "unit": "EA",
    "errc": "XB3",
    "tcc": "Z ",
    "hhf": "0",
    "svcBal": 11,
    "dmdLvl": "1",
    "di": "",
    "do": "",
    "doli": "",
    "dolt": "",
    "img": "",
    "location": "3N031G552",
    "frzCode": "",
    "cost": "$16,210.73",
    "notes": ""
  },
  "1670014756518LG": {
    "nsn": "1670014756518LG",
    "name": "CARGORAIL3353643-3",
    "unit": "EA",
    "errc": "XB3",
    "tcc": "Z ",
    "hhf": "0",
    "svcBal": 17,
    "dmdLvl": "0",
    "di": "",
    "do": "",
    "doli": "",
    "dolt": "",
    "img": "",
    "location": "7N031G626",
    "frzCode": "",
    "cost": "$9,820.34",
    "notes": ""
  },
  "1730008761376TG": {
    "nsn": "1730008761376TG",
    "name": "LEGPLATFORM1401A",
    "unit": "EA",
    "errc": "XB3",
    "tcc": "Z ",
    "hhf": "0",
    "svcBal": 17,
    "dmdLvl": "5",
    "di": "",
    "do": "",
    "doli": "",
    "dolt": "",
    "img": "",
    "location": "5N031G265",
    "frzCode": "",
    "cost": "$61.83",
    "notes": ""
  },
  "1560012938867EK": {
    "nsn": "1560012938867EK",
    "name": "**HCI**SHROUDASSEMBLY-RADARAB",
    "unit": "EA",
    "errc": "XD2",
    "tcc": "Z ",
    "hhf": "0",
    "svcBal": 25,
    "dmdLvl": "3",
    "di": "",
    "do": "",
    "doli": "",
    "dolt": "",
    "img": "",
    "location": "8N031G622",
    "frzCode": "",
    "cost": "$17,352.29",
    "notes": ""
  },
  "3910014756465VM": {
    "nsn": "3910014756465VM",
    "name": "CONVEYOR3338917-1",
    "unit": "EA",
    "errc": "XD2",
    "tcc": "Z ",
    "hhf": "0",
    "svcBal": 10,
    "dmdLvl": "1",
    "di": "",
    "do": "",
    "doli": "",
    "dolt": "",
    "img": "",
    "location": "6N031G095",
    "frzCode": "",
    "cost": "$5,091.67",
    "notes": ""
  },
  "1670015049349LG": {
    "nsn": "1670015049349LG",
    "name": "CARGORAIL3355553-3",
    "unit": "EA",
    "errc": "XB3",
    "tcc": "Z ",
    "hhf": "0",
    "svcBal": 16,
    "dmdLvl": "0",
    "di": "",
    "do": "",
    "doli": "",
    "dolt": "",
    "img": "",
    "location": "4N031G746",
    "frzCode": "",
    "cost": "$2,220.24",
    "notes": ""
  },
  "1560015047378VM": {
    "nsn": "1560015047378VM",
    "name": "FLOOR3354351-1",
    "unit": "EA",
    "errc": "XB3",
    "tcc": "Z ",
    "hhf": "0",
    "svcBal": 12,
    "dmdLvl": "4",
    "di": "",
    "do": "",
    "doli": "",
    "dolt": "",
    "img": "",
    "location": "4N031G847",
    "frzCode": "",
    "cost": "$1,370.53",
    "notes": ""
  },
  "1560014560056LG": {
    "nsn": "1560014560056LG",
    "name": "FLOORCOVERING3351171-7",
    "unit": "EA",
    "errc": "XB3",
    "tcc": "",
    "hhf": "0",
    "svcBal": 27,
    "dmdLvl": "0",
    "di": "",
    "do": "",
    "doli": "",
    "dolt": "",
    "img": "",
    "location": "2N031G017",
    "frzCode": "",
    "cost": "$3,305.72",
    "notes": ""
  },
  "1560012940497SX": {
    "nsn": "1560012940497SX",
    "name": "SUPPORT375247-2L",
    "unit": "EA",
    "errc": "XB3",
    "tcc": "Z ",
    "hhf": "0",
    "svcBal": 4,
    "dmdLvl": "1",
    "di": "",
    "do": "",
    "doli": "",
    "dolt": "",
    "img": "",
    "location": "3N031G510",
    "frzCode": "",
    "cost": "$1,641.15",
    "notes": ""
  },
  "2840011469372SX": {
    "nsn": "2840011469372SX",
    "name": "FAIRING,TURBINE,AIR",
    "unit": "EA",
    "errc": "XB3",
    "tcc": "Z ",
    "hhf": "0",
    "svcBal": 14,
    "dmdLvl": "0",
    "di": "",
    "do": "",
    "doli": "",
    "dolt": "",
    "img": "",
    "location": "0N031G605",
    "frzCode": "",
    "cost": "$6,878.21",
    "notes": ""
  },
  "1560014833210LG": {
    "nsn": "1560014833210LG",
    "name": "WINDSHIELDPANEL,AIRCRAFT",
    "unit": "EA",
    "errc": "XB3",
    "tcc": "",
    "hhf": "0",
    "svcBal": 15,
    "dmdLvl": "1",
    "di": "",
    "do": "",
    "doli": "",
    "dolt": "",
    "img": "",
    "location": "7N031G417",
    "frzCode": "",
    "cost": "$10,351.78",
    "notes": ""
  },
  "3010014755650RC": {
    "nsn": "3010014755650RC",
    "name": "NOSHOPSTCK=SPINNER697056002",
    "unit": "EA",
    "errc": "XD2",
    "tcc": "",
    "hhf": "0",
    "svcBal": 9,
    "dmdLvl": "6",
    "di": "",
    "do": "",
    "doli": "",
    "dolt": "",
    "img": "",
    "location": "3N031G028",
    "frzCode": "",
    "cost": "$31,667.01",
    "notes": ""
  },
  "1670014756522LG": {
    "nsn": "1670014756522LG",
    "name": "CARGORAIL3353646-4",
    "unit": "EA",
    "errc": "XB3",
    "tcc": "Z ",
    "hhf": "0",
    "svcBal": 9,
    "dmdLvl": "0",
    "di": "",
    "do": "",
    "doli": "",
    "dolt": "",
    "img": "",
    "location": "6N031G627",
    "frzCode": "",
    "cost": "$35,667.06",
    "notes": ""
  },
  "1670014756480VM": {
    "nsn": "1670014756480VM",
    "name": "CARGORAIL3353645-4",
    "unit": "EA",
    "errc": "XB3",
    "tcc": "Z ",
    "hhf": "0",
    "svcBal": 12,
    "dmdLvl": "0",
    "di": "",
    "do": "",
    "doli": "",
    "dolt": "",
    "img": "",
    "location": "4N031G934",
    "frzCode": "",
    "cost": "$29,261.66",
    "notes": ""
  },
  "1670014756525VM": {
    "nsn": "1670014756525VM",
    "name": "CARGORAIL3353644-3",
    "unit": "EA",
    "errc": "XB3",
    "tcc": "Z ",
    "hhf": "0",
    "svcBal": 23,
    "dmdLvl": "0",
    "di": "",
    "do": "",
    "doli": "",
    "dolt": "",
    "img": "",
    "location": "7N031G177",
    "frzCode": "",
    "cost": "$10,270.95",
    "notes": ""
  },
  "1670014884674LG": {
    "nsn": "1670014884674LG",
    "name": "DOORRAIL3355574-7",
    "unit": "EA",
    "errc": "XB3",
    "tcc": "Z ",
    "hhf": "0",
    "svcBal": 12,
    "dmdLvl": "0",
    "di": "",
    "do": "",
    "doli": "",
    "dolt": "",
    "img": "",
    "location": "3N031G362",
    "frzCode": "",
    "cost": "$9,509.39",
    "notes": ""
  },
  "4235012197414": {
    "nsn": "4235012197414",
    "name": "OILSORBENTT15616\"X18\"100SH",
    "unit": "BE",
    "errc": "XB3",
    "tcc": "Z ",
    "hhf": "0",
    "svcBal": 22,
    "dmdLvl": "0",
    "di": "",
    "do": "",
    "doli": "",
    "dolt": "",
    "img": "",
    "location": "8N031G413",
    "frzCode": "",
    "cost": "$31.94",
    "notes": ""
  },
  "5985010537676CW": {
    "nsn": "5985010537676CW",
    "name": "ANTENNA10889520",
    "unit": "EA",
    "errc": "XD2",
    "tcc": "Z ",
    "hhf": "0",
    "svcBal": 30,
    "dmdLvl": "0",
    "di": "",
    "do": "",
    "doli": "",
    "dolt": "",
    "img": "",
    "location": "7N031G288",
    "frzCode": "",
    "cost": "$23,252.33",
    "notes": ""
  },
  "1560011891450EK": {
    "nsn": "1560011891450EK",
    "name": "BRKTL1800015-020",
    "unit": "EA",
    "errc": "XD2",
    "tcc": "Z ",
    "hhf": "0",
    "svcBal": 26,
    "dmdLvl": "0",
    "di": "",
    "do": "",
    "doli": "",
    "dolt": "",
    "img": "",
    "location": "7N031G415",
    "frzCode": "",
    "cost": "$30,112.93",
    "notes": ""
  },
  "1680016116416EK": {
    "nsn": "1680016116416EK",
    "name": "POWERCONTROLASSEMBLY",
    "unit": "EA",
    "errc": "XD2",
    "tcc": "Z ",
    "hhf": "0",
    "svcBal": 27,
    "dmdLvl": "2",
    "di": "",
    "do": "",
    "doli": "",
    "dolt": "",
    "img": "",
    "location": "6N031G638",
    "frzCode": "",
    "cost": "$1,043,649.00",
    "notes": ""
  },
  "5960010838989FD": {
    "nsn": "5960010838989FD",
    "name": "ELECTRONTUBE",
    "unit": "EA",
    "errc": "XD2",
    "tcc": "M ",
    "hhf": "0",
    "svcBal": 22,
    "dmdLvl": "1",
    "di": "",
    "do": "",
    "doli": "",
    "dolt": "",
    "img": "",
    "location": "3N031G068",
    "frzCode": "",
    "cost": "$110,740.00",
    "notes": ""
  },
  "2530015806378RN": {
    "nsn": "2530015806378RN",
    "name": "WHEEL,PNEUMATICTIR",
    "unit": "EA",
    "errc": "XB3",
    "tcc": "",
    "hhf": "0",
    "svcBal": 20,
    "dmdLvl": "1",
    "di": "",
    "do": "",
    "doli": "",
    "dolt": "",
    "img": "",
    "location": "2N031G182",
    "frzCode": "",
    "cost": "$1,400.88",
    "notes": ""
  },
  "1560011738644EK": {
    "nsn": "1560011738644EK",
    "name": "BRACKET,STRUCTURALCOMPONENT,AIR",
    "unit": "EA",
    "errc": "XD2",
    "tcc": "Z ",
    "hhf": "0",
    "svcBal": 29,
    "dmdLvl": "0",
    "di": "",
    "do": "",
    "doli": "",
    "dolt": "",
    "img": "",
    "location": "4N031G593",
    "frzCode": "",
    "cost": "$7,617.58",
    "notes": ""
  },
  "1680014756475VM": {
    "nsn": "1680014756475VM",
    "name": "RAIL3353647-2",
    "unit": "EA",
    "errc": "XD2",
    "tcc": "Z ",
    "hhf": "0",
    "svcBal": 12,
    "dmdLvl": "1",
    "di": "",
    "do": "",
    "doli": "",
    "dolt": "",
    "img": "",
    "location": "3N031G939",
    "frzCode": "",
    "cost": "$37,130.83",
    "notes": ""
  },
  "1680014756529VM": {
    "nsn": "1680014756529VM",
    "name": "WINCH698050-1",
    "unit": "EA",
    "errc": "XD2",
    "tcc": "Z ",
    "hhf": "0",
    "svcBal": 4,
    "dmdLvl": "1",
    "di": "",
    "do": "",
    "doli": "",
    "dolt": "",
    "img": "",
    "location": "9N031G594",
    "frzCode": "",
    "cost": "$234,935.00",
    "notes": ""
  },
  "1670014884668LG": {
    "nsn": "1670014884668LG",
    "name": "RAIL3355574-1",
    "unit": "EA",
    "errc": "XB3",
    "tcc": "Z ",
    "hhf": "0",
    "svcBal": 26,
    "dmdLvl": "0",
    "di": "",
    "do": "",
    "doli": "",
    "dolt": "",
    "img": "",
    "location": "1N031G810",
    "frzCode": "",
    "cost": "$5,767.61",
    "notes": ""
  },
  "1440012043013MW": {
    "nsn": "1440012043013MW",
    "name": "ADAPTER,ASSEMBLY",
    "unit": "EA",
    "errc": "XD2",
    "tcc": "Z ",
    "hhf": "0",
    "svcBal": 18,
    "dmdLvl": "0",
    "di": "",
    "do": "",
    "doli": "",
    "dolt": "",
    "img": "",
    "location": "5N031G778",
    "frzCode": "",
    "cost": "$916.42",
    "notes": ""
  },
  "1560012081016EK": {
    "nsn": "1560012081016EK",
    "name": "B-1DUCTVANEPNLL3226421-032",
    "unit": "EA",
    "errc": "XD2",
    "tcc": "Z ",
    "hhf": "0",
    "svcBal": 4,
    "dmdLvl": "0",
    "di": "",
    "do": "",
    "doli": "",
    "dolt": "",
    "img": "",
    "location": "5N031G341",
    "frzCode": "",
    "cost": "$1,122,424.00",
    "notes": ""
  },
  "6830007586475": {
    "nsn": "6830007586475",
    "name": "NITROGEN",
    "unit": "CY",
    "errc": "XB3",
    "tcc": "G ",
    "hhf": "1",
    "svcBal": 17,
    "dmdLvl": "0",
    "di": "",
    "do": "",
    "doli": "",
    "dolt": "",
    "img": "",
    "location": "8N031G811",
    "frzCode": "",
    "cost": "$143.16",
    "notes": ""
  },
  "6680011754206SX": {
    "nsn": "6680011754206SX",
    "name": "XMTRLQ472358-402-51",
    "unit": "EA",
    "errc": "XB3",
    "tcc": "Z ",
    "hhf": "0",
    "svcBal": 25,
    "dmdLvl": "1",
    "di": "",
    "do": "",
    "doli": "",
    "dolt": "",
    "img": "",
    "location": "4N031G218",
    "frzCode": "",
    "cost": "$8,669.93",
    "notes": ""
  },
  "5985013246247EW": {
    "nsn": "5985013246247EW",
    "name": "ANTENNA435068-2",
    "unit": "EA",
    "errc": "XD2",
    "tcc": "Z ",
    "hhf": "0",
    "svcBal": 24,
    "dmdLvl": "1",
    "di": "",
    "do": "",
    "doli": "",
    "dolt": "",
    "img": "",
    "location": "3N031G480",
    "frzCode": "",
    "cost": "$56,247.03",
    "notes": ""
  },
  "3040012874145": {
    "nsn": "3040012874145",
    "name": "CYLAY426-016",
    "unit": "EA",
    "errc": "XB3",
    "tcc": "",
    "hhf": "0",
    "svcBal": 15,
    "dmdLvl": "0",
    "di": "",
    "do": "",
    "doli": "",
    "dolt": "",
    "img": "",
    "location": "3N031G503",
    "frzCode": "",
    "cost": "$4,212.45",
    "notes": ""
  },
  "5996006058496NT": {
    "nsn": "5996006058496NT",
    "name": "AMPEC618319-3",
    "unit": "EA",
    "errc": "XD2",
    "tcc": "Z ",
    "hhf": "0",
    "svcBal": 26,
    "dmdLvl": "0",
    "di": "",
    "do": "",
    "doli": "",
    "dolt": "",
    "img": "",
    "location": "8N031G414",
    "frzCode": "",
    "cost": "$24,227.28",
    "notes": ""
  },
  "6625012388728FD": {
    "nsn": "6625012388728FD",
    "name": "SPECTRUMANALYZER8566A-909-E44",
    "unit": "SE",
    "errc": "XD2",
    "tcc": "Z ",
    "hhf": "0",
    "svcBal": 4,
    "dmdLvl": "0",
    "di": "",
    "do": "",
    "doli": "",
    "dolt": "",
    "img": "",
    "location": "6N031G082",
    "frzCode": "",
    "cost": "$108,662.00",
    "notes": ""
  },
  "1730000825242TG": {
    "nsn": "1730000825242TG",
    "name": "LEGPLATFORM64E6347-1",
    "unit": "EA",
    "errc": "XB3",
    "tcc": "Z ",
    "hhf": "0",
    "svcBal": 0,
    "dmdLvl": "0",
    "di": "",
    "do": "",
    "doli": "",
    "dolt": "",
    "img": "",
    "location": "5N031G816",
    "frzCode": "",
    "cost": "$67.44",
    "notes": ""
  },
  "3010013158299FD": {
    "nsn": "3010013158299FD",
    "name": "ANGLEDRIVEUNIT120607-111",
    "unit": "EA",
    "errc": "XD2",
    "tcc": "Z ",
    "hhf": "0",
    "svcBal": 27,
    "dmdLvl": "1",
    "di": "",
    "do": "",
    "doli": "",
    "dolt": "",
    "img": "",
    "location": "6N031G655",
    "frzCode": "",
    "cost": "$38,270.48",
    "notes": ""
  },
  "1560014833169": {
    "nsn": "1560014833169",
    "name": "WINDSHIELDPANEL,AI",
    "unit": "EA",
    "errc": "XB3",
    "tcc": "",
    "hhf": "0",
    "svcBal": 4,
    "dmdLvl": "1",
    "di": "",
    "do": "",
    "doli": "",
    "dolt": "",
    "img": "",
    "location": "7N031G643",
    "frzCode": "",
    "cost": "$6,331.50",
    "notes": ""
  },
  "1670014833166VM": {
    "nsn": "1670014833166VM",
    "name": "NOSHOPUSE=LOCKASSYPALLET",
    "unit": "EA",
    "errc": "XD2",
    "tcc": "Z1",
    "hhf": "0",
    "svcBal": 30,
    "dmdLvl": "13",
    "di": "",
    "do": "",
    "doli": "",
    "dolt": "",
    "img": "",
    "location": "0N031G174",
    "frzCode": "",
    "cost": "$19,470.89",
    "notes": ""
  },
  "6115013686737SX": {
    "nsn": "6115013686737SX",
    "name": "GENERATOR,ALTERNATI",
    "unit": "EA",
    "errc": "XB3",
    "tcc": "Z ",
    "hhf": "0",
    "svcBal": 27,
    "dmdLvl": "0",
    "di": "",
    "do": "",
    "doli": "",
    "dolt": "",
    "img": "",
    "location": "6N031G292",
    "frzCode": "",
    "cost": "$3,371.00",
    "notes": ""
  },
  "4440012920752FD": {
    "nsn": "4440012920752FD",
    "name": "COMPRESSR-DEHYD69036",
    "unit": "EA",
    "errc": "XD2",
    "tcc": "Z ",
    "hhf": "0",
    "svcBal": 8,
    "dmdLvl": "0",
    "di": "",
    "do": "",
    "doli": "",
    "dolt": "",
    "img": "",
    "location": "0N031G106",
    "frzCode": "",
    "cost": "$145,780.00",
    "notes": ""
  },
  "1560015357424EK": {
    "nsn": "1560015357424EK",
    "name": "PARTSKIT,WING",
    "unit": "EA",
    "errc": "XB3",
    "tcc": "Z ",
    "hhf": "0",
    "svcBal": 27,
    "dmdLvl": "0",
    "di": "",
    "do": "",
    "doli": "",
    "dolt": "",
    "img": "",
    "location": "8N031G775",
    "frzCode": "",
    "cost": "$197,999.00",
    "notes": ""
  },
  "1670014833135VM": {
    "nsn": "1670014833135VM",
    "name": "NOSHOPUSE=LOCKASSY,PALLET",
    "unit": "EA",
    "errc": "XD2",
    "tcc": "",
    "hhf": "0",
    "svcBal": 27,
    "dmdLvl": "13",
    "di": "",
    "do": "",
    "doli": "",
    "dolt": "",
    "img": "",
    "location": "1N031G884",
    "frzCode": "",
    "cost": "$19,453.69",
    "notes": ""
  },
  "1560015024597EK": {
    "nsn": "1560015024597EK",
    "name": "ACFTTIPL2100204-021",
    "unit": "EA",
    "errc": "XD2",
    "tcc": "Z ",
    "hhf": "0",
    "svcBal": 15,
    "dmdLvl": "0",
    "di": "",
    "do": "",
    "doli": "",
    "dolt": "",
    "img": "",
    "location": "6N031G630",
    "frzCode": "",
    "cost": "$85,803.97",
    "notes": ""
  },
  "1650012491788": {
    "nsn": "1650012491788",
    "name": "SERVOCYLL5873400-062",
    "unit": "EA",
    "errc": "XD2",
    "tcc": "Z ",
    "hhf": "0",
    "svcBal": 29,
    "dmdLvl": "2",
    "di": "",
    "do": "",
    "doli": "",
    "dolt": "",
    "img": "",
    "location": "0N031G220",
    "frzCode": "",
    "cost": "$279,299.00",
    "notes": ""
  },
  "4130014595183TG": {
    "nsn": "4130014595183TG",
    "name": "VACU-DISCHOLDER",
    "unit": "EA",
    "errc": "XB3",
    "tcc": "Z ",
    "hhf": "0",
    "svcBal": 15,
    "dmdLvl": "6",
    "di": "",
    "do": "",
    "doli": "",
    "dolt": "",
    "img": "",
    "location": "4N031G567",
    "frzCode": "",
    "cost": "$72.10",
    "notes": ""
  },
  "1680011485494SX": {
    "nsn": "1680011485494SX",
    "name": "COUPLINGDRIVENO3",
    "unit": "EA",
    "errc": "XF3",
    "tcc": "",
    "hhf": "0",
    "svcBal": 1,
    "dmdLvl": "0",
    "di": "",
    "do": "",
    "doli": "",
    "dolt": "",
    "img": "",
    "location": "6N031G734",
    "frzCode": "",
    "cost": "$13,525.18",
    "notes": ""
  },
  "3990009301480": {
    "nsn": "3990009301480",
    "name": "COVERCARGOPALLET005443210EA",
    "unit": "RO",
    "errc": "XB3",
    "tcc": "Z ",
    "hhf": "0",
    "svcBal": 16,
    "dmdLvl": "1",
    "di": "",
    "do": "",
    "doli": "",
    "dolt": "",
    "img": "",
    "location": "2N031G902",
    "frzCode": "",
    "cost": "$49.45",
    "notes": ""
  },
  "6130012930246KV": {
    "nsn": "6130012930246KV",
    "name": "POWERSUPPLY",
    "unit": "EA",
    "errc": "XD2",
    "tcc": "Z ",
    "hhf": "0",
    "svcBal": 15,
    "dmdLvl": "2",
    "di": "",
    "do": "",
    "doli": "",
    "dolt": "",
    "img": "",
    "location": "4N031G614",
    "frzCode": "",
    "cost": "$21,732.53",
    "notes": ""
  },
  "6130015186657": {
    "nsn": "6130015186657",
    "name": "POWERSUPPLY",
    "unit": "EA",
    "errc": "XB3",
    "tcc": "",
    "hhf": "0",
    "svcBal": 23,
    "dmdLvl": "0",
    "di": "",
    "do": "",
    "doli": "",
    "dolt": "",
    "img": "",
    "location": "3N031G054",
    "frzCode": "",
    "cost": "$400.00",
    "notes": ""
  },
  "6145012283356EH": {
    "nsn": "6145012283356EH",
    "name": "CABLE,SPECIALPURPO",
    "unit": "FT",
    "errc": "XB3",
    "tcc": "Z ",
    "hhf": "0",
    "svcBal": 7,
    "dmdLvl": "0",
    "di": "",
    "do": "",
    "doli": "",
    "dolt": "",
    "img": "",
    "location": "0N031G513",
    "frzCode": "",
    "cost": "$16.64",
    "notes": ""
  },
  "1560011664274EK": {
    "nsn": "1560011664274EK",
    "name": "MANIFOLD,FLUID,AIRC",
    "unit": "EA",
    "errc": "XB3",
    "tcc": "Z ",
    "hhf": "0",
    "svcBal": 23,
    "dmdLvl": "1",
    "di": "",
    "do": "",
    "doli": "",
    "dolt": "",
    "img": "",
    "location": "9N031G844",
    "frzCode": "",
    "cost": "$25,210.46",
    "notes": ""
  },
  "6145014224370EH": {
    "nsn": "6145014224370EH",
    "name": "WIRE,ELECTRICAL",
    "unit": "FT",
    "errc": "XB3",
    "tcc": "Z ",
    "hhf": "0",
    "svcBal": 27,
    "dmdLvl": "306",
    "di": "",
    "do": "",
    "doli": "",
    "dolt": "",
    "img": "",
    "location": "6N031G588",
    "frzCode": "",
    "cost": "$4.30",
    "notes": ""
  },
  "4710011751995JF": {
    "nsn": "4710011751995JF",
    "name": "TUBEASSEMBLY,METAL",
    "unit": "EA",
    "errc": "XB3",
    "tcc": "Z ",
    "hhf": "0",
    "svcBal": 20,
    "dmdLvl": "0",
    "di": "",
    "do": "",
    "doli": "",
    "dolt": "",
    "img": "",
    "location": "4N031G887",
    "frzCode": "",
    "cost": "$2,009.02",
    "notes": ""
  },
  "1560016055797": {
    "nsn": "1560016055797",
    "name": "JUMPPLATFORM",
    "unit": "EA",
    "errc": "XB3",
    "tcc": "Z ",
    "hhf": "0",
    "svcBal": 1,
    "dmdLvl": "0",
    "di": "",
    "do": "",
    "doli": "",
    "dolt": "",
    "img": "",
    "location": "5N031G353",
    "frzCode": "",
    "cost": "$10,343.65",
    "notes": ""
  },
  "1680014756524VM": {
    "nsn": "1680014756524VM",
    "name": "RAIL3354379-2",
    "unit": "EA",
    "errc": "XD2",
    "tcc": "Z ",
    "hhf": "0",
    "svcBal": 19,
    "dmdLvl": "1",
    "di": "",
    "do": "",
    "doli": "",
    "dolt": "",
    "img": "",
    "location": "4N031G946",
    "frzCode": "",
    "cost": "$38,573.22",
    "notes": ""
  },
  "2840K0200011FJF": {
    "nsn": "2840K0200011FJF",
    "name": "TOKITF,CDNASSEMB",
    "unit": "EA",
    "errc": "XD2",
    "tcc": "",
    "hhf": "0",
    "svcBal": 21,
    "dmdLvl": "0",
    "di": "",
    "do": "",
    "doli": "",
    "dolt": "",
    "img": "",
    "location": "0N031G224",
    "frzCode": "",
    "cost": "$87,623.38",
    "notes": ""
  },
  "1670014756520LG": {
    "nsn": "1670014756520LG",
    "name": "CARGORAIL3353646-3",
    "unit": "EA",
    "errc": "XB3",
    "tcc": "Z ",
    "hhf": "0",
    "svcBal": 29,
    "dmdLvl": "0",
    "di": "",
    "do": "",
    "doli": "",
    "dolt": "",
    "img": "",
    "location": "2N031G543",
    "frzCode": "",
    "cost": "$35,667.06",
    "notes": ""
  },
  "1670014884675LG": {
    "nsn": "1670014884675LG",
    "name": "RAIL3355574-6",
    "unit": "EA",
    "errc": "XB3",
    "tcc": "Z ",
    "hhf": "0",
    "svcBal": 22,
    "dmdLvl": "0",
    "di": "",
    "do": "",
    "doli": "",
    "dolt": "",
    "img": "",
    "location": "8N031G746",
    "frzCode": "",
    "cost": "$13,903.50",
    "notes": ""
  },
  "7220010571897": {
    "nsn": "7220010571897",
    "name": "TOREQD;GPC;MATTING,FLOOR",
    "unit": "RO",
    "errc": "XB3",
    "tcc": "Z ",
    "hhf": "0",
    "svcBal": 12,
    "dmdLvl": "0",
    "di": "",
    "do": "",
    "doli": "",
    "dolt": "",
    "img": "",
    "location": "3N031G658",
    "frzCode": "",
    "cost": "$734.18",
    "notes": ""
  },
  "4235014203099": {
    "nsn": "4235014203099",
    "name": "SPILLCLEAN-UPKIT,",
    "unit": "KT",
    "errc": "XB3",
    "tcc": "Z ",
    "hhf": "0",
    "svcBal": 4,
    "dmdLvl": "1",
    "di": "",
    "do": "",
    "doli": "",
    "dolt": "",
    "img": "",
    "location": "4N031G336",
    "frzCode": "",
    "cost": "$373.28",
    "notes": ""
  },
  "1560011512394EK": {
    "nsn": "1560011512394EK",
    "name": "RUDDERL2400001-021",
    "unit": "EA",
    "errc": "XD2",
    "tcc": "2 ",
    "hhf": "1",
    "svcBal": 8,
    "dmdLvl": "4",
    "di": "",
    "do": "",
    "doli": "",
    "dolt": "",
    "img": "",
    "location": "7N031G470",
    "frzCode": "",
    "cost": "$224,710.00",
    "notes": ""
  },
  "3040009657391QS": {
    "nsn": "3040009657391QS",
    "name": "CYLINDERASSEMBLY,A",
    "unit": "EA",
    "errc": "XF3",
    "tcc": "Z ",
    "hhf": "0",
    "svcBal": 6,
    "dmdLvl": "1",
    "di": "",
    "do": "",
    "doli": "",
    "dolt": "",
    "img": "",
    "location": "0N031G243",
    "frzCode": "",
    "cost": "$5,265.60",
    "notes": ""
  },
  "1680013876739RK": {
    "nsn": "1680013876739RK",
    "name": "WINCH1184R100",
    "unit": "EA",
    "errc": "XD2",
    "tcc": "Z ",
    "hhf": "0",
    "svcBal": 9,
    "dmdLvl": "0",
    "di": "",
    "do": "",
    "doli": "",
    "dolt": "",
    "img": "",
    "location": "4N031G508",
    "frzCode": "",
    "cost": "$28,973.69",
    "notes": ""
  },
  "2925015415012VM": {
    "nsn": "2925015415012VM",
    "name": "ENGGEN697970-3",
    "unit": "EA",
    "errc": "XD2",
    "tcc": "",
    "hhf": "0",
    "svcBal": 5,
    "dmdLvl": "4",
    "di": "",
    "do": "",
    "doli": "",
    "dolt": "",
    "img": "",
    "location": "4N031G924",
    "frzCode": "",
    "cost": "$55,888.79",
    "notes": ""
  },
  "1650014725564VM": {
    "nsn": "1650014725564VM",
    "name": "NOSHOPSTCK=SERVOMECHANISM,HYDR",
    "unit": "EA",
    "errc": "XD2",
    "tcc": "Z ",
    "hhf": "0",
    "svcBal": 4,
    "dmdLvl": "1",
    "di": "",
    "do": "",
    "doli": "",
    "dolt": "",
    "img": "",
    "location": "2N031G307",
    "frzCode": "",
    "cost": "$66,677.41",
    "notes": ""
  },
  "6130012940999KV": {
    "nsn": "6130012940999KV",
    "name": "POWERSUPPLY",
    "unit": "EA",
    "errc": "XD2",
    "tcc": "Z ",
    "hhf": "0",
    "svcBal": 12,
    "dmdLvl": "2",
    "di": "",
    "do": "",
    "doli": "",
    "dolt": "",
    "img": "",
    "location": "0N031G097",
    "frzCode": "",
    "cost": "$21,658.56",
    "notes": ""
  },
  "1730000308397TG": {
    "nsn": "1730000308397TG",
    "name": "FRAME,PLATFORM,MAIN",
    "unit": "EA",
    "errc": "XF3",
    "tcc": "Z ",
    "hhf": "0",
    "svcBal": 28,
    "dmdLvl": "2",
    "di": "",
    "do": "",
    "doli": "",
    "dolt": "",
    "img": "",
    "location": "9N031G192",
    "frzCode": "",
    "cost": "$184.09",
    "notes": ""
  },
  "8305010319403": {
    "nsn": "8305010319403",
    "name": "CLOTH,TWILL",
    "unit": "YD",
    "errc": "XB3",
    "tcc": "",
    "hhf": "0",
    "svcBal": 15,
    "dmdLvl": "0",
    "di": "",
    "do": "",
    "doli": "",
    "dolt": "",
    "img": "",
    "location": "3N031G046",
    "frzCode": "",
    "cost": "$25.93",
    "notes": ""
  },
  "5840012957892FD": {
    "nsn": "5840012957892FD",
    "name": "TRANSMITTER,RADAR",
    "unit": "EA",
    "errc": "XD2",
    "tcc": "Z ",
    "hhf": "0",
    "svcBal": 10,
    "dmdLvl": "0",
    "di": "",
    "do": "",
    "doli": "",
    "dolt": "",
    "img": "",
    "location": "5N031G474",
    "frzCode": "",
    "cost": "$73,605.45",
    "notes": ""
  },
  "2940014726928SU": {
    "nsn": "2940014726928SU",
    "name": "FILTERELEMENT,INTA",
    "unit": "EA",
    "errc": "XB3",
    "tcc": "Z ",
    "hhf": "0",
    "svcBal": 24,
    "dmdLvl": "2",
    "di": "",
    "do": "",
    "doli": "",
    "dolt": "",
    "img": "",
    "location": "4N031G562",
    "frzCode": "",
    "cost": "$42.44",
    "notes": ""
  },
  "3010014223118FD": {
    "nsn": "3010014223118FD",
    "name": "SPEEDGEAR120607-101",
    "unit": "EA",
    "errc": "XD2",
    "tcc": "Z ",
    "hhf": "0",
    "svcBal": 15,
    "dmdLvl": "0",
    "di": "",
    "do": "",
    "doli": "",
    "dolt": "",
    "img": "",
    "location": "7N031G220",
    "frzCode": "",
    "cost": "$99,729.48",
    "notes": ""
  },
  "5840010909250FD": {
    "nsn": "5840010909250FD",
    "name": "MODULATOR,RADAR",
    "unit": "EA",
    "errc": "XD2",
    "tcc": "Z ",
    "hhf": "0",
    "svcBal": 0,
    "dmdLvl": "0",
    "di": "",
    "do": "",
    "doli": "",
    "dolt": "",
    "img": "",
    "location": "4N031G518",
    "frzCode": "",
    "cost": "$20,439.13",
    "notes": ""
  },
  "1560011513116EK": {
    "nsn": "1560011513116EK",
    "name": "RUDDER,AIRCRAFT",
    "unit": "EA",
    "errc": "XD2",
    "tcc": "DZ",
    "hhf": "0",
    "svcBal": 26,
    "dmdLvl": "1",
    "di": "",
    "do": "",
    "doli": "",
    "dolt": "",
    "img": "",
    "location": "1N031G963",
    "frzCode": "",
    "cost": "$140,520.00",
    "notes": ""
  },
  "1730007928613TG": {
    "nsn": "1730007928613TG",
    "name": "STEP,PLATFORM",
    "unit": "EA",
    "errc": "XB3",
    "tcc": "Z ",
    "hhf": "0",
    "svcBal": 30,
    "dmdLvl": "1",
    "di": "",
    "do": "",
    "doli": "",
    "dolt": "",
    "img": "",
    "location": "9N031G055",
    "frzCode": "",
    "cost": "$54.99",
    "notes": ""
  },
  "2840011470481JF": {
    "nsn": "2840011470481JF",
    "name": "SUPPORT,ACCESSORY,A",
    "unit": "EA",
    "errc": "XF3",
    "tcc": "Z ",
    "hhf": "0",
    "svcBal": 24,
    "dmdLvl": "0",
    "di": "",
    "do": "",
    "doli": "",
    "dolt": "",
    "img": "",
    "location": "4N031G447",
    "frzCode": "",
    "cost": "$3,248.26",
    "notes": ""
  },
  "5985012408402EW": {
    "nsn": "5985012408402EW",
    "name": "ANTENNA",
    "unit": "EA",
    "errc": "XD2",
    "tcc": "Z ",
    "hhf": "0",
    "svcBal": 26,
    "dmdLvl": "3",
    "di": "",
    "do": "",
    "doli": "",
    "dolt": "",
    "img": "",
    "location": "6N031G648",
    "frzCode": "",
    "cost": "$574,207.00",
    "notes": ""
  },
  "6625011327489FD": {
    "nsn": "6625011327489FD",
    "name": "COUNTERELEC451OPTP2P4",
    "unit": "EA",
    "errc": "XD2",
    "tcc": "Z ",
    "hhf": "0",
    "svcBal": 17,
    "dmdLvl": "1",
    "di": "",
    "do": "",
    "doli": "",
    "dolt": "",
    "img": "",
    "location": "1N031G835",
    "frzCode": "",
    "cost": "$17,157.92",
    "notes": ""
  },
  "6145012839267EH": {
    "nsn": "6145012839267EH",
    "name": "WIRE,ELECTRICAL",
    "unit": "FT",
    "errc": "XB3",
    "tcc": "Z ",
    "hhf": "0",
    "svcBal": 13,
    "dmdLvl": "111",
    "di": "",
    "do": "",
    "doli": "",
    "dolt": "",
    "img": "",
    "location": "6N031G148",
    "frzCode": "",
    "cost": "$6.69",
    "notes": ""
  },
  "2520010364933": {
    "nsn": "2520010364933",
    "name": "DIFFERENTIAL,STEERI",
    "unit": "EA",
    "errc": "XF3",
    "tcc": "Z ",
    "hhf": "0",
    "svcBal": 8,
    "dmdLvl": "1",
    "di": "",
    "do": "",
    "doli": "",
    "dolt": "",
    "img": "",
    "location": "2N031G404",
    "frzCode": "",
    "cost": "$8,551.01",
    "notes": ""
  },
  "1680016476619LG": {
    "nsn": "1680016476619LG",
    "name": "STANCHION,ASSEMBLY",
    "unit": "EA",
    "errc": "XF3",
    "tcc": "",
    "hhf": "0",
    "svcBal": 6,
    "dmdLvl": "1",
    "di": "",
    "do": "",
    "doli": "",
    "dolt": "",
    "img": "",
    "location": "5N031G818",
    "frzCode": "",
    "cost": "$13,906.52",
    "notes": ""
  },
  "4720002033153SX": {
    "nsn": "4720002033153SX",
    "name": "HOSEASSEMBLY,MILH6615",
    "unit": "EA",
    "errc": "XB3",
    "tcc": "Z ",
    "hhf": "0",
    "svcBal": 0,
    "dmdLvl": "0",
    "di": "",
    "do": "",
    "doli": "",
    "dolt": "",
    "img": "",
    "location": "7N031G103",
    "frzCode": "",
    "cost": "$1,063.61",
    "notes": ""
  },
  "1560P335785-1": {
    "nsn": "1560P335785-1",
    "name": "TRIMTAB",
    "unit": "EA",
    "errc": "XB3",
    "tcc": "",
    "hhf": "0",
    "svcBal": 27,
    "dmdLvl": "0",
    "di": "",
    "do": "",
    "doli": "",
    "dolt": "",
    "img": "",
    "location": "7N031G056",
    "frzCode": "",
    "cost": "$49.30",
    "notes": ""
  },
  "1620012636733": {
    "nsn": "1620012636733",
    "name": "BALLSCREW8430M4",
    "unit": "EA",
    "errc": "XD2",
    "tcc": "Z ",
    "hhf": "0",
    "svcBal": 22,
    "dmdLvl": "2",
    "di": "",
    "do": "",
    "doli": "",
    "dolt": "",
    "img": "",
    "location": "3N031G083",
    "frzCode": "",
    "cost": "$14,176.32",
    "notes": ""
  },
  "5840015985782FD": {
    "nsn": "5840015985782FD",
    "name": "INDPOSITION201027859-10",
    "unit": "EA",
    "errc": "XD2",
    "tcc": "Z ",
    "hhf": "0",
    "svcBal": 29,
    "dmdLvl": "0",
    "di": "",
    "do": "",
    "doli": "",
    "dolt": "",
    "img": "",
    "location": "8N031G399",
    "frzCode": "",
    "cost": "$763,686.00",
    "notes": ""
  },
  "4940012794608TG": {
    "nsn": "4940012794608TG",
    "name": "TABLEMATROLL,WORKSTATION",
    "unit": "RO",
    "errc": "XB3",
    "tcc": "Z ",
    "hhf": "0",
    "svcBal": 2,
    "dmdLvl": "1",
    "di": "",
    "do": "",
    "doli": "",
    "dolt": "",
    "img": "",
    "location": "5N031G424",
    "frzCode": "",
    "cost": "$1,294.02",
    "notes": ""
  },
  "1560011958450EK": {
    "nsn": "1560011958450EK",
    "name": "DOOR,ACCESS,AIRCRAF",
    "unit": "EA",
    "errc": "XF3",
    "tcc": "Z ",
    "hhf": "0",
    "svcBal": 19,
    "dmdLvl": "1",
    "di": "",
    "do": "",
    "doli": "",
    "dolt": "",
    "img": "",
    "location": "3N031G211",
    "frzCode": "",
    "cost": "$5,272.73",
    "notes": ""
  },
  "1660014722057": {
    "nsn": "1660014722057",
    "name": "DUCTASSEMBLY",
    "unit": "EA",
    "errc": "XB3",
    "tcc": "",
    "hhf": "0",
    "svcBal": 29,
    "dmdLvl": "1",
    "di": "",
    "do": "",
    "doli": "",
    "dolt": "",
    "img": "",
    "location": "4N031G322",
    "frzCode": "",
    "cost": "$11,558.51",
    "notes": ""
  },
  "1680012222551LG": {
    "nsn": "1680012222551LG",
    "name": "BALLSCREWASSEMBLY",
    "unit": "EA",
    "errc": "XB3",
    "tcc": "Z ",
    "hhf": "0",
    "svcBal": 13,
    "dmdLvl": "1",
    "di": "",
    "do": "",
    "doli": "",
    "dolt": "",
    "img": "",
    "location": "7N031G509",
    "frzCode": "",
    "cost": "$12,952.80",
    "notes": ""
  },
  "1560012008571EK": {
    "nsn": "1560012008571EK",
    "name": "DOOR,ACCESS,AIRCRAF",
    "unit": "EA",
    "errc": "XF3",
    "tcc": "Z ",
    "hhf": "0",
    "svcBal": 26,
    "dmdLvl": "1",
    "di": "",
    "do": "",
    "doli": "",
    "dolt": "",
    "img": "",
    "location": "4N031G624",
    "frzCode": "",
    "cost": "$21,317.79",
    "notes": ""
  },
  "4710015825348LG": {
    "nsn": "4710015825348LG",
    "name": "TUBEASSEMBLY,METAL",
    "unit": "EA",
    "errc": "XB3",
    "tcc": "Z ",
    "hhf": "0",
    "svcBal": 0,
    "dmdLvl": "1",
    "di": "",
    "do": "",
    "doli": "",
    "dolt": "",
    "img": "",
    "location": "5N031G864",
    "frzCode": "",
    "cost": "$13,944.26",
    "notes": ""
  },
  "2915015071919RC": {
    "nsn": "2915015071919RC",
    "name": "PUMP,FUEL,METERING",
    "unit": "EA",
    "errc": "XD2",
    "tcc": "",
    "hhf": "0",
    "svcBal": 28,
    "dmdLvl": "0",
    "di": "",
    "do": "",
    "doli": "",
    "dolt": "",
    "img": "",
    "location": "0N031G463",
    "frzCode": "",
    "cost": "$436,851.00",
    "notes": ""
  },
  "1650011344415": {
    "nsn": "1650011344415",
    "name": "CBM+SERVOMECHANISM,HYDR",
    "unit": "EA",
    "errc": "XD2",
    "tcc": "Z ",
    "hhf": "0",
    "svcBal": 19,
    "dmdLvl": "0",
    "di": "",
    "do": "",
    "doli": "",
    "dolt": "",
    "img": "",
    "location": "6N031G406",
    "frzCode": "",
    "cost": "$122,858.00",
    "notes": ""
  },
  "1730004923688TG": {
    "nsn": "1730004923688TG",
    "name": "HANDRAIL,PLATFORM",
    "unit": "EA",
    "errc": "XB3",
    "tcc": "Z ",
    "hhf": "0",
    "svcBal": 3,
    "dmdLvl": "1",
    "di": "",
    "do": "",
    "doli": "",
    "dolt": "",
    "img": "",
    "location": "6N031G262",
    "frzCode": "",
    "cost": "$90.23",
    "notes": ""
  },
  "1560008545080LG": {
    "nsn": "1560008545080LG",
    "name": "TUBEASSEMBLY,BLEED",
    "unit": "EA",
    "errc": "XB3",
    "tcc": "Z ",
    "hhf": "0",
    "svcBal": 27,
    "dmdLvl": "1",
    "di": "",
    "do": "",
    "doli": "",
    "dolt": "",
    "img": "",
    "location": "4N031G992",
    "frzCode": "",
    "cost": "$5,122.81",
    "notes": ""
  },
  "3010014347652FD": {
    "nsn": "3010014347652FD",
    "name": "ACTUATOR,ELECTRO-ME",
    "unit": "EA",
    "errc": "XD2",
    "tcc": "Z ",
    "hhf": "0",
    "svcBal": 18,
    "dmdLvl": "0",
    "di": "",
    "do": "",
    "doli": "",
    "dolt": "",
    "img": "",
    "location": "6N031G783",
    "frzCode": "",
    "cost": "$48,146.23",
    "notes": ""
  },
  "5950014958501MW": {
    "nsn": "5950014958501MW",
    "name": "TRANSFORMER,POWER",
    "unit": "EA",
    "errc": "XB3",
    "tcc": "Z ",
    "hhf": "0",
    "svcBal": 1,
    "dmdLvl": "0",
    "di": "",
    "do": "",
    "doli": "",
    "dolt": "",
    "img": "",
    "location": "9N031G111",
    "frzCode": "",
    "cost": "$47,887.20",
    "notes": ""
  },
  "1620011667354LE": {
    "nsn": "1620011667354LE",
    "name": "AXLE,LANDINGGEAR",
    "unit": "EA",
    "errc": "XD2",
    "tcc": "Z ",
    "hhf": "0",
    "svcBal": 12,
    "dmdLvl": "0",
    "di": "",
    "do": "",
    "doli": "",
    "dolt": "",
    "img": "",
    "location": "0N031G744",
    "frzCode": "",
    "cost": "$27,063.93",
    "notes": ""
  },
  "4235013343304": {
    "nsn": "4235013343304",
    "name": "SORBENTOIL40LB",
    "unit": "RO",
    "errc": "XB3",
    "tcc": "Z ",
    "hhf": "0",
    "svcBal": 22,
    "dmdLvl": "1",
    "di": "",
    "do": "",
    "doli": "",
    "dolt": "",
    "img": "",
    "location": "0N031G644",
    "frzCode": "",
    "cost": "$106.64",
    "notes": ""
  },
  "4710013453139": {
    "nsn": "4710013453139",
    "name": "TUBEASSEMBLY,METAL",
    "unit": "EA",
    "errc": "XB3",
    "tcc": "",
    "hhf": "0",
    "svcBal": 1,
    "dmdLvl": "0",
    "di": "",
    "do": "",
    "doli": "",
    "dolt": "",
    "img": "",
    "location": "0N031G557",
    "frzCode": "",
    "cost": "$30.00",
    "notes": ""
  },
  "5330012632795SX": {
    "nsn": "5330012632795SX",
    "name": "PACKINGL3004595-001",
    "unit": "EA",
    "errc": "XB3",
    "tcc": "Z ",
    "hhf": "0",
    "svcBal": 15,
    "dmdLvl": "1",
    "di": "",
    "do": "",
    "doli": "",
    "dolt": "",
    "img": "",
    "location": "7N031G152",
    "frzCode": "",
    "cost": "$3,150.00",
    "notes": ""
  },
  "2915015327462": {
    "nsn": "2915015327462",
    "name": "VALVE2279M28G01",
    "unit": "EA",
    "errc": "XB3",
    "tcc": "Z ",
    "hhf": "0",
    "svcBal": 18,
    "dmdLvl": "1",
    "di": "",
    "do": "",
    "doli": "",
    "dolt": "",
    "img": "",
    "location": "1N031G009",
    "frzCode": "",
    "cost": "$3,744.24",
    "notes": ""
  },
  "1560012717208SX": {
    "nsn": "1560012717208SX",
    "name": "BULB,PARATROOPDOOR",
    "unit": "EA",
    "errc": "XB3",
    "tcc": "Z ",
    "hhf": "0",
    "svcBal": 4,
    "dmdLvl": "1",
    "di": "",
    "do": "",
    "doli": "",
    "dolt": "",
    "img": "",
    "location": "7N031G816",
    "frzCode": "",
    "cost": "$843.60",
    "notes": ""
  },
  "8145013849270": {
    "nsn": "8145013849270",
    "name": "SHELFASSEMBLY,ISU",
    "unit": "EA",
    "errc": "XB3",
    "tcc": "Z ",
    "hhf": "0",
    "svcBal": 4,
    "dmdLvl": "1",
    "di": "",
    "do": "",
    "doli": "",
    "dolt": "",
    "img": "",
    "location": "0N031G345",
    "frzCode": "",
    "cost": "$116.11",
    "notes": ""
  },
  "1730000308390TG": {
    "nsn": "1730000308390TG",
    "name": "RAIL,PLATFORM,END",
    "unit": "EA",
    "errc": "XB3",
    "tcc": "Z ",
    "hhf": "0",
    "svcBal": 25,
    "dmdLvl": "1",
    "di": "",
    "do": "",
    "doli": "",
    "dolt": "",
    "img": "",
    "location": "3N031G647",
    "frzCode": "",
    "cost": "$45.53",
    "notes": ""
  },
  "1680007825861MH": {
    "nsn": "1680007825861MH",
    "name": "SEATACFTACA3102-15",
    "unit": "EA",
    "errc": "XF3",
    "tcc": "Z ",
    "hhf": "0",
    "svcBal": 9,
    "dmdLvl": "11",
    "di": "",
    "do": "",
    "doli": "",
    "dolt": "",
    "img": "",
    "location": "0N031G289",
    "frzCode": "",
    "cost": "$721.35",
    "notes": ""
  },
  "1670013425913SX": {
    "nsn": "1670013425913SX",
    "name": "SKID,BOARD",
    "unit": "EA",
    "errc": "XB3",
    "tcc": "Z ",
    "hhf": "0",
    "svcBal": 23,
    "dmdLvl": "67",
    "di": "",
    "do": "",
    "doli": "",
    "dolt": "",
    "img": "",
    "location": "8N031G390",
    "frzCode": "",
    "cost": "$75.07",
    "notes": ""
  },
  "5960010847380FD": {
    "nsn": "5960010847380FD",
    "name": "ELECTRONTUBE654VE00042-1",
    "unit": "EA",
    "errc": "XD2",
    "tcc": "M ",
    "hhf": "0",
    "svcBal": 26,
    "dmdLvl": "1",
    "di": "",
    "do": "",
    "doli": "",
    "dolt": "",
    "img": "",
    "location": "2N031G910",
    "frzCode": "",
    "cost": "$62,972.96",
    "notes": ""
  },
  "5895010832858FD": {
    "nsn": "5895010832858FD",
    "name": "MODULATOR-POWERSUP",
    "unit": "EA",
    "errc": "XD2",
    "tcc": "Z ",
    "hhf": "0",
    "svcBal": 2,
    "dmdLvl": "0",
    "di": "",
    "do": "",
    "doli": "",
    "dolt": "",
    "img": "",
    "location": "0N031G184",
    "frzCode": "",
    "cost": "$148,106.00",
    "notes": ""
  },
  "6130012241022KV": {
    "nsn": "6130012241022KV",
    "name": "POWERSUPPLY",
    "unit": "EA",
    "errc": "XD2",
    "tcc": "Z ",
    "hhf": "0",
    "svcBal": 10,
    "dmdLvl": "0",
    "di": "",
    "do": "",
    "doli": "",
    "dolt": "",
    "img": "",
    "location": "9N031G621",
    "frzCode": "",
    "cost": "$10,025.54",
    "notes": ""
  },
  "1630009141329": {
    "nsn": "1630009141329",
    "name": "WSMT=C-130NOSELGWHEEL",
    "unit": "EA",
    "errc": "XD2",
    "tcc": "Z ",
    "hhf": "0",
    "svcBal": 18,
    "dmdLvl": "12",
    "di": "",
    "do": "",
    "doli": "",
    "dolt": "",
    "img": "",
    "location": "4N031G530",
    "frzCode": "",
    "cost": "$8,537.90",
    "notes": ""
  },
  "5996013277835FD": {
    "nsn": "5996013277835FD",
    "name": "AMPEC0820281",
    "unit": "EA",
    "errc": "XD2",
    "tcc": "Z ",
    "hhf": "0",
    "svcBal": 30,
    "dmdLvl": "1",
    "di": "",
    "do": "",
    "doli": "",
    "dolt": "",
    "img": "",
    "location": "1N031G294",
    "frzCode": "",
    "cost": "$47,201.42",
    "notes": ""
  },
  "5895010838526FD": {
    "nsn": "5895010838526FD",
    "name": "MODULATOR-POWERSUP",
    "unit": "EA",
    "errc": "XD2",
    "tcc": "Z ",
    "hhf": "0",
    "svcBal": 11,
    "dmdLvl": "0",
    "di": "",
    "do": "",
    "doli": "",
    "dolt": "",
    "img": "",
    "location": "4N031G610",
    "frzCode": "",
    "cost": "$121,702.00",
    "notes": ""
  },
  "1650011484296": {
    "nsn": "1650011484296",
    "name": "CYLAYL5844499-001",
    "unit": "EA",
    "errc": "XD2",
    "tcc": "Z ",
    "hhf": "0",
    "svcBal": 27,
    "dmdLvl": "1",
    "di": "",
    "do": "",
    "doli": "",
    "dolt": "",
    "img": "",
    "location": "3N031G921",
    "frzCode": "",
    "cost": "$33,329.27",
    "notes": ""
  },
  "5895013874545FD": {
    "nsn": "5895013874545FD",
    "name": "MODULATOR-POWERSUP",
    "unit": "EA",
    "errc": "XD2",
    "tcc": "Z ",
    "hhf": "0",
    "svcBal": 23,
    "dmdLvl": "1",
    "di": "",
    "do": "",
    "doli": "",
    "dolt": "",
    "img": "",
    "location": "6N031G264",
    "frzCode": "",
    "cost": "$268,153.00",
    "notes": ""
  },
  "1680013009584EK": {
    "nsn": "1680013009584EK",
    "name": "GLARESHLDL5306220-131",
    "unit": "EA",
    "errc": "XB3",
    "tcc": "Z ",
    "hhf": "0",
    "svcBal": 9,
    "dmdLvl": "0",
    "di": "",
    "do": "",
    "doli": "",
    "dolt": "",
    "img": "",
    "location": "8N031G795",
    "frzCode": "",
    "cost": "$17,532.00",
    "notes": ""
  },
  "2930014791060SU": {
    "nsn": "2930014791060SU",
    "name": "RADIATOR,ENGINECOO",
    "unit": "EA",
    "errc": "XB3",
    "tcc": "Z ",
    "hhf": "0",
    "svcBal": 26,
    "dmdLvl": "1",
    "di": "",
    "do": "",
    "doli": "",
    "dolt": "",
    "img": "",
    "location": "1N031G932",
    "frzCode": "",
    "cost": "$6,425.57",
    "notes": ""
  },
  "5820011323676FD": {
    "nsn": "5820011323676FD",
    "name": "TVCAMERA654VE0008-2",
    "unit": "EA",
    "errc": "XD2",
    "tcc": "Z ",
    "hhf": "0",
    "svcBal": 16,
    "dmdLvl": "1",
    "di": "",
    "do": "",
    "doli": "",
    "dolt": "",
    "img": "",
    "location": "2N031G401",
    "frzCode": "",
    "cost": "$39,369.33",
    "notes": ""
  },
  "4130015034039": {
    "nsn": "4130015034039",
    "name": "VACU-CART",
    "unit": "EA",
    "errc": "XB3",
    "tcc": "Z ",
    "hhf": "0",
    "svcBal": 19,
    "dmdLvl": "1",
    "di": "",
    "do": "",
    "doli": "",
    "dolt": "",
    "img": "",
    "location": "1N031G099",
    "frzCode": "",
    "cost": "$570.03",
    "notes": ""
  },
  "1560014499563LG": {
    "nsn": "1560014499563LG",
    "name": "LEADINGEDGE,AIRCRA",
    "unit": "EA",
    "errc": "XB3",
    "tcc": "",
    "hhf": "0",
    "svcBal": 19,
    "dmdLvl": "1",
    "di": "",
    "do": "",
    "doli": "",
    "dolt": "",
    "img": "",
    "location": "1N031G177",
    "frzCode": "",
    "cost": "$342,099.00",
    "notes": ""
  },
  "1560001027942LG": {
    "nsn": "1560001027942LG",
    "name": "SKIN,AIRCRAFT",
    "unit": "EA",
    "errc": "XB3",
    "tcc": "Z ",
    "hhf": "0",
    "svcBal": 29,
    "dmdLvl": "1",
    "di": "",
    "do": "",
    "doli": "",
    "dolt": "",
    "img": "",
    "location": "3N031G223",
    "frzCode": "",
    "cost": "$1,146.79",
    "notes": ""
  },
  "3950014172255": {
    "nsn": "3950014172255",
    "name": "HOIST,CHAIN",
    "unit": "EA",
    "errc": "XB3",
    "tcc": "Z ",
    "hhf": "0",
    "svcBal": 4,
    "dmdLvl": "1",
    "di": "",
    "do": "",
    "doli": "",
    "dolt": "",
    "img": "",
    "location": "1N031G917",
    "frzCode": "",
    "cost": "$11,319.90",
    "notes": ""
  },
  "7025014296326": {
    "nsn": "7025014296326",
    "name": "DISPLAYUNIT512995-05",
    "unit": "EA",
    "errc": "XD2",
    "tcc": "Z ",
    "hhf": "0",
    "svcBal": 4,
    "dmdLvl": "0",
    "di": "",
    "do": "",
    "doli": "",
    "dolt": "",
    "img": "",
    "location": "6N031G676",
    "frzCode": "",
    "cost": "$6,652.63",
    "notes": ""
  },
  "5895010838525FD": {
    "nsn": "5895010838525FD",
    "name": "MODULATOR-POWERSUP",
    "unit": "EA",
    "errc": "XD2",
    "tcc": "Z ",
    "hhf": "0",
    "svcBal": 1,
    "dmdLvl": "0",
    "di": "",
    "do": "",
    "doli": "",
    "dolt": "",
    "img": "",
    "location": "1N031G946",
    "frzCode": "",
    "cost": "$119,386.00",
    "notes": ""
  },
  "1560015954483LG": {
    "nsn": "1560015954483LG",
    "name": "FAIRING,AIRCRAFT",
    "unit": "EA",
    "errc": "XB3",
    "tcc": "Z ",
    "hhf": "0",
    "svcBal": 0,
    "dmdLvl": "0",
    "di": "",
    "do": "",
    "doli": "",
    "dolt": "",
    "img": "",
    "location": "6N031G902",
    "frzCode": "",
    "cost": "$2,348.10",
    "notes": ""
  },
  "5440015823196RN": {
    "nsn": "5440015823196RN",
    "name": "LADDER,SAFETYSTEP",
    "unit": "EA",
    "errc": "XB3",
    "tcc": "",
    "hhf": "0",
    "svcBal": 26,
    "dmdLvl": "1",
    "di": "",
    "do": "",
    "doli": "",
    "dolt": "",
    "img": "",
    "location": "6N031G387",
    "frzCode": "",
    "cost": "$661.72",
    "notes": ""
  },
  "1560011751956EK": {
    "nsn": "1560011751956EK",
    "name": "WINDOWPANEL,AIRCRA",
    "unit": "EA",
    "errc": "XF3",
    "tcc": "Z ",
    "hhf": "0",
    "svcBal": 10,
    "dmdLvl": "1",
    "di": "",
    "do": "",
    "doli": "",
    "dolt": "",
    "img": "",
    "location": "3N031G055",
    "frzCode": "",
    "cost": "$16,735.99",
    "notes": ""
  },
  "1560012766381EK": {
    "nsn": "1560012766381EK",
    "name": "FAIRING,AIRCRAFT",
    "unit": "EA",
    "errc": "XD2",
    "tcc": "Z ",
    "hhf": "0",
    "svcBal": 10,
    "dmdLvl": "1",
    "di": "",
    "do": "",
    "doli": "",
    "dolt": "",
    "img": "",
    "location": "0N031G667",
    "frzCode": "",
    "cost": "$219,190.00",
    "notes": ""
  },
  "1680014888412VM": {
    "nsn": "1680014888412VM",
    "name": "SEAT3A272-0008-02-1",
    "unit": "EA",
    "errc": "XD2",
    "tcc": "Z ",
    "hhf": "0",
    "svcBal": 20,
    "dmdLvl": "1",
    "di": "",
    "do": "",
    "doli": "",
    "dolt": "",
    "img": "",
    "location": "0N031G438",
    "frzCode": "",
    "cost": "$39,638.15",
    "notes": ""
  },
  "1560K0102913ALG": {
    "nsn": "1560K0102913ALG",
    "name": "TO1C-130J-1028CNTCLRS/FSC",
    "unit": "EA",
    "errc": "XD2",
    "tcc": "",
    "hhf": "0",
    "svcBal": 30,
    "dmdLvl": "0",
    "di": "",
    "do": "",
    "doli": "",
    "dolt": "",
    "img": "",
    "location": "0N031G241",
    "frzCode": "",
    "cost": "$50,000.00",
    "notes": ""
  },
  "4440015700294FD": {
    "nsn": "4440015700294FD",
    "name": "COMPRESSOR-DEHYD200827879-10",
    "unit": "EA",
    "errc": "XD2",
    "tcc": "Z ",
    "hhf": "0",
    "svcBal": 2,
    "dmdLvl": "0",
    "di": "",
    "do": "",
    "doli": "",
    "dolt": "",
    "img": "",
    "location": "2N031G530",
    "frzCode": "",
    "cost": "$145,780.00",
    "notes": ""
  },
  "4320011740506VX": {
    "nsn": "4320011740506VX",
    "name": "PUMP,AXIALPISTONS",
    "unit": "EA",
    "errc": "XD2",
    "tcc": "Z ",
    "hhf": "0",
    "svcBal": 11,
    "dmdLvl": "1",
    "di": "",
    "do": "",
    "doli": "",
    "dolt": "",
    "img": "",
    "location": "2N031G651",
    "frzCode": "",
    "cost": "$8,308.48",
    "notes": ""
  },
  "5675015914411": {
    "nsn": "5675015914411",
    "name": "LUMBER,NON-WOOD,TIMBER",
    "unit": "EA",
    "errc": "XB3",
    "tcc": "Z ",
    "hhf": "0",
    "svcBal": 7,
    "dmdLvl": "9",
    "di": "",
    "do": "",
    "doli": "",
    "dolt": "",
    "img": "",
    "location": "0N031G036",
    "frzCode": "",
    "cost": "$85.10",
    "notes": ""
  },
  "1730000308394TG": {
    "nsn": "1730000308394TG",
    "name": "RAIL,PLATFORM,STAIR",
    "unit": "EA",
    "errc": "XB3",
    "tcc": "Z ",
    "hhf": "0",
    "svcBal": 0,
    "dmdLvl": "1",
    "di": "",
    "do": "",
    "doli": "",
    "dolt": "",
    "img": "",
    "location": "5N031G026",
    "frzCode": "",
    "cost": "$77.00",
    "notes": ""
  },
  "5440010921894": {
    "nsn": "5440010921894",
    "name": "LADDER,EXTENSION",
    "unit": "EA",
    "errc": "XB3",
    "tcc": "Z ",
    "hhf": "0",
    "svcBal": 1,
    "dmdLvl": "1",
    "di": "",
    "do": "",
    "doli": "",
    "dolt": "",
    "img": "",
    "location": "6N031G542",
    "frzCode": "",
    "cost": "$932.67",
    "notes": ""
  },
  "2840012521077JF": {
    "nsn": "2840012521077JF",
    "name": "DUCT,FAN,AIRCRAFTGASTURBINEEN",
    "unit": "EA",
    "errc": "XF3",
    "tcc": "",
    "hhf": "0",
    "svcBal": 16,
    "dmdLvl": "1",
    "di": "",
    "do": "",
    "doli": "",
    "dolt": "",
    "img": "",
    "location": "0N031G817",
    "frzCode": "",
    "cost": "$39,659.95",
    "notes": ""
  },
  "2840016487433": {
    "nsn": "2840016487433",
    "name": "PARTSKIT,TURBINEENGINE",
    "unit": "KT",
    "errc": "XB3",
    "tcc": "Z ",
    "hhf": "0",
    "svcBal": 6,
    "dmdLvl": "1",
    "di": "",
    "do": "",
    "doli": "",
    "dolt": "",
    "img": "",
    "location": "3N031G541",
    "frzCode": "",
    "cost": "$364,807.00",
    "notes": ""
  },
  "1730013885158TG": {
    "nsn": "1730013885158TG",
    "name": "SOLARSHIELDS",
    "unit": "SE",
    "errc": "XB3",
    "tcc": "Z ",
    "hhf": "0",
    "svcBal": 4,
    "dmdLvl": "1",
    "di": "",
    "do": "",
    "doli": "",
    "dolt": "",
    "img": "",
    "location": "2N031G605",
    "frzCode": "",
    "cost": "$295.03",
    "notes": ""
  },
  "1730015164898": {
    "nsn": "1730015164898",
    "name": "CHOCK,WHEEL-TRACK",
    "unit": "PR",
    "errc": "XB3",
    "tcc": "Z ",
    "hhf": "0",
    "svcBal": 24,
    "dmdLvl": "1",
    "di": "",
    "do": "",
    "doli": "",
    "dolt": "",
    "img": "",
    "location": "2N031G683",
    "frzCode": "",
    "cost": "$450.17",
    "notes": ""
  },
  "9515010171846": {
    "nsn": "9515010171846",
    "name": "PLATE,METAL",
    "unit": "PM",
    "errc": "XB3",
    "tcc": "Z ",
    "hhf": "0",
    "svcBal": 29,
    "dmdLvl": "1",
    "di": "",
    "do": "",
    "doli": "",
    "dolt": "",
    "img": "",
    "location": "8N031G481",
    "frzCode": "",
    "cost": "$1,385.30",
    "notes": ""
  },
  "1730000308393TG": {
    "nsn": "1730000308393TG",
    "name": "SCISSORS,INSIDE,PLA",
    "unit": "EA",
    "errc": "XB3",
    "tcc": "Z ",
    "hhf": "0",
    "svcBal": 6,
    "dmdLvl": "3",
    "di": "",
    "do": "",
    "doli": "",
    "dolt": "",
    "img": "",
    "location": "1N031G987",
    "frzCode": "",
    "cost": "$200.39",
    "notes": ""
  },
  "6150011493127SX": {
    "nsn": "6150011493127SX",
    "name": "CABLEASSEMBLY,POWE",
    "unit": "EA",
    "errc": "XF3",
    "tcc": "Z ",
    "hhf": "0",
    "svcBal": 6,
    "dmdLvl": "1",
    "di": "",
    "do": "",
    "doli": "",
    "dolt": "",
    "img": "",
    "location": "1N031G664",
    "frzCode": "",
    "cost": "$3,186.34",
    "notes": ""
  },
  "1095013987497": {
    "nsn": "1095013987497",
    "name": "RACK,BOMB,MAU-12,MODIFIED",
    "unit": "EA",
    "errc": "XD2",
    "tcc": "Z ",
    "hhf": "0",
    "svcBal": 17,
    "dmdLvl": "0",
    "di": "",
    "do": "",
    "doli": "",
    "dolt": "",
    "img": "",
    "location": "6N031G817",
    "frzCode": "",
    "cost": "$21,984.94",
    "notes": ""
  },
  "9535008354060": {
    "nsn": "9535008354060",
    "name": "PLATE,METAL",
    "unit": "PM",
    "errc": "XB3",
    "tcc": "Z ",
    "hhf": "0",
    "svcBal": 22,
    "dmdLvl": "0",
    "di": "",
    "do": "",
    "doli": "",
    "dolt": "",
    "img": "",
    "location": "4N031G314",
    "frzCode": "",
    "cost": "$2,373.30",
    "notes": ""
  },
  "8470015207370": {
    "nsn": "8470015207370",
    "name": "INSERTS,ENHANCEDSM",
    "unit": "EA",
    "errc": "XB3",
    "tcc": "",
    "hhf": "0",
    "svcBal": 15,
    "dmdLvl": "0",
    "di": "",
    "do": "",
    "doli": "",
    "dolt": "",
    "img": "",
    "location": "3N031G465",
    "frzCode": "",
    "cost": "$635.93",
    "notes": ""
  }
}